old	new
AuxLib	AuxLib
C-101-control-acyclic	CtrlAcyc
C-101-violation-cycle	ViolCycle
C-102-control-acyclic	CtrlAcycB
C-102-violation-self-instance	ViolSelfInst
C-103-control-instantiated	CtrlInst
C-103-violation-unused	ViolUnused
C-104-control-defined	CtrlDef
C-104-violation-undefined-binding	ViolUndefBind
C-105-control-full-arity	CtrlFullArity
C-105-violation-missing-mapping	ViolMissMap
C-106-control-typed-transfer	CtrlTypedXfer
C-106-violation-bool-to-real	ViolBoolToReal
C-201-control-date-match	CtrlDateMatch
C-201-violation-date-shift	ViolDateShift
C-202-control-count-match	CtrlCountMatch
C-202-violation-extra-object	ViolExtraObj
LoopA	LoopA
LoopB	LoopB
Prog	Prog
ProgBadDep	ProgBadDep
PumpLib	PumpLib
R-101-control-single-init	CtrlSingleInit
R-101-violation-second-init	ViolSecInit
R-102-control-init-first	CtrlInitFirst
R-102-violation-init-after-step	ViolInitAfterStep
T1-001-control	Ctrl
T1-001-violation-int-from-bool	ViolIntFromBool
T1-002-control	CtrlB
T1-002-violation-real-vs-bool	ViolRealVsBool
T1-003-control	CtrlC
T1-003-violation-int-condition	ViolIntCond
T1-004-control	CtrlD
T1-004-violation-string-arg	ViolStrArg
T1-005-control	CtrlE
T1-005-violation-too-deep	ViolTooDeep
T1-006-anytype-localvar	AnyTypeLocVar
T1-006-anytype-param	AnyTypeParam
T1-006b-control	CtrlF
T1-006b-violation-anytype-field	ViolAnyTypeFld
T1-007-control-default-param	CtrlDefParam
T1-007-violation-default-scalar-localvar	ViolDefScalLocVar
T1-008-control-with-init	CtrlWithInit
T1-008-violation-const-no-init	ViolConstNoInit
T1-009-control	CtrlG
T1-009-violation-opsave-string	ViolOpSaveStr
T1-009-violation-state-int	ViolStateInt
T1-010-control	CtrlH
T1-010-violation-old-on-nonstate	ViolOldOnNonState
T1-011-control	CtrlI
T1-011-violation-seq-reset	ViolSeqReset
T1-011-violation-step-accessor	ViolStepAcc
T1-012-control-ordinary-name	CtrlOrdName
T1-012-violation-var-groupdata	ViolVarGroup
T1-012-violation-var-off	ViolVarOff
T1-012-violation-var-on	ViolVarOn
UnusedLib	UnusedLib
t0-edge-ArithmeticPrecedence	EdgeArithPrec
t0-edge-BareDurationZero	EdgeBareDurZero
t0-edge-CaseInsensitiveIdentifiers	EdgeCaseInsens
t0-edge-CommentInsideEquation	EdgeCmtInEq
t0-edge-ConstStringSetGetPos	EdgeConstStrSetGet
t0-edge-CoordinateInvarTail	EdgeCoordInvarTail
t0-edge-DeeplyNestedComments	EdgeDeepNestCmts
t0-edge-DurationInParameterMapping	EdgeDurInParamMap
t0-edge-DurationVariousFormats	EdgeDurVarFmt
t0-edge-ElsifExpression	EdgeElsifExpr
t0-edge-EmptyCodeBlocks	EdgeEmptyCodeBlk
t0-edge-EmptyRecordType	EdgeEmptyRecType
t0-edge-FrameModuleInvocation	EdgeFrameModInvoc
t0-edge-GlobalParameterMapping	EdgeGlobalParamMap
t0-edge-KeywordPrefixedIdentifiers	EdgeKwPrefixed
t0-edge-LegacySequenceNoInitStep	EdgeLegacySeqNo
t0-edge-MinimalSequence	EdgeMinSeq
t0-edge-ModuleDefNoTrailingEnddef	EdgeModDefNoTrail
t0-edge-ModuleOptions	EdgeModOpt
t0-edge-NegativeDurationValue	EdgeNegDurVal
t0-edge-OldNewOnDottedStateField	EdgeOldNewOnDotted
t0-edge-OpSaveAndStateCombined	EdgeOpSaveAndState
t0-edge-QuotedIdentifierMaxLength	EdgeQuotedIdentMax
t0-edge-ScanGroupClause	EdgeScanGrpCl
t0-edge-SeqBreak	EdgeSeqBrk
t0-edge-SeqForkMultipleTargets	EdgeSeqForkMulti
t0-edge-SequenceAlternative	EdgeSeqAlt
t0-edge-SequenceParallel	EdgeSeqPar
t0-edge-SimpleModuleTypeInvocation	EdgeSimpleModType
t0-edge-SubSequenceDefinition	EdgeSubSeqDef
t0-edge-SubSequenceTransition	EdgeSubSeqTrans
t0-edge-TerminalSeqStep	EdgeTermSeqStep
t0-edge-TimeValueInit	EdgeTimeValInit
t0-edge-UnicodeIdentifiers	EdgeUnicodeIdents
t0-invalid-BadBareDurationString	BadBareDurStr
t0-invalid-BadBareTimeString	BadBareTimeStr
t0-invalid-BadDurationLiteral	BadDurLit
t0-invalid-BadTimeLiteral	BadTimeLit
t0-invalid-BuiltinDatatypeTypo	BadBuiltinDatatype
t0-invalid-BuiltinOutArgNotVariable	BadBuiltinOutArg
t0-invalid-BuiltinWrongArity	BadBuiltinWrong
t0-invalid-ConsecutiveSeqSteps	BadConsecSeqSteps
t0-invalid-ConstVarAsBuiltinOutArg	BadConstVarAs
t0-invalid-CrossModuleContractMismatch	BadCrossMod
t0-invalid-DatatypeShadowsBuiltinName	BadDatatypeShadows
t0-invalid-DuplicateDatatypeName	BadDupDatatypeName
t0-invalid-DuplicateModuletypeName	BadDupModTypeName
t0-invalid-DuplicateRecordFieldName	BadDupRecFldName
t0-invalid-DuplicateSFCElementNames	BadDupSfcElemNames
t0-invalid-DuplicateSiblingSubmodules	BadDupSibSubmods
t0-invalid-DuplicateVariableNames	BadDupVariaNames
t0-invalid-EncodingStress	BadEncodingStress
t0-invalid-FreestandingCommentInModuleCode	BadFreeCmtInMod
t0-invalid-GraphObjectsDoubleLayer	BadGraphObjDouble
t0-invalid-InitValueTypeMismatch	BadInitValType
t0-invalid-Malformed	BadMalformed
t0-invalid-ModuleCodeWithoutModuleDef	BadModCodeWithMod
t0-invalid-NotSattLine	BadNotSattLine
t0-invalid-OldNewOnNonState	BadOldNewOnNon
t0-invalid-OldNewOnNonStateRecordField	BadOldNewOnNonB
t0-invalid-OversizedInput	BadOversizeInput
t0-invalid-SFCAlternativeBranchStartsWithStep	BadSfcAltBrStart
t0-invalid-SFCInitStepNotFirst	BadSfcInitStepNot
t0-invalid-SFCInitStepRepeated	BadSfcInitStep
t0-invalid-SFCParallelBranchStartsWithTransition	BadSfcParBrStart
t0-invalid-SeqForkUnknownTarget	BadSeqForkUnknown
t0-invalid-StringLiteralInCallArgument	BadStrLitInCall
t0-invalid-UndefinedVariableRef	BadUndefVariaRef
t0-invalid-UnknownDatatypeName	BadUnknownDatatype
t0-invalid-UnterminatedComment	BadUntermCmt
t0-invalid-WriteToConstVariable	BadWriteToConst
t0-valid-AllDatatypes	ValidAllDatatypes
t0-valid-BuiltinCalls	ValidBuiltinCalls
t0-valid-CompressedFullGrammar	ValidComprFull
t0-valid-CompressedSequenceBasic	ValidComprSeqBasic
t0-valid-ControlFlow	ValidCtrlFlow
t0-valid-CoordInVarTail	ValidCoordInVar
t0-valid-DefaultInitOnRecord	ValidDefInitOnRec
t0-valid-DurationAndTime	ValidDurAndTime
t0-valid-GraphObjectEnableTails	ValidGraphObjEnabl
t0-valid-GraphObjectShapes	ValidGraphObj
t0-valid-GraphObjectsSectionLayer	ValidGraphObjB
t0-valid-GraphicsObjects	ValidGraphicsObj
t0-valid-InteractEnableTails	ValidInteractEnabl
t0-valid-InteractWidgets	ValidInteract
t0-valid-MinimalProgram	ValidMinProg
t0-valid-MultiEquationBlocks	ValidMultiEqBlk
t0-valid-MultiTypedefBlocks	ValidMultiTypedef
t0-valid-MultipleModuleDefBlocks	ValidMultiModDef
t0-valid-NestedSubmodules	ValidNestSubmods
t0-valid-OldNewOnStateField	ValidOldNewOnState
t0-valid-OpenSequenceSeqFork	ValidOpenSeqSeq
t0-valid-QuotedIdentifiers	ValidQuotedIdents
t0-valid-RecordTypeAccess	ValidRecTypeAcc
t0-valid-SFCUnnamedElements	ValidSfcUnnamed
t0-valid-SequenceAlternative	ValidSeqAlt
t0-valid-SequenceBasic	ValidSeqBasic
t0-valid-SequenceParallel	ValidSeqPar
t0-valid-SubSeqTransition	ValidSubSeqTrans
t0-valid-SubSeqTransitionAlt	ValidSubSeqTransB
t0-valid-SubmoduleParams	ValidSubmodParams
t0-valid-SubsequenceBlock	ValidSubseqBlk
t0-valid-UnCompressedFullGrammar	ValidUnComprFull
t0-valid-VariableModifiers	ValidVariaMods
